,DATE,ELEV,VEG,PLOT,X5cm,X20cm,JD,YEAR,ADJ_JD
1,1/21/2012,low,open,1,1110,1250,21,2012,751
2,1/21/2012,low,shrub,1,1060,1360,21,2012,751
3,1/21/2012,low,canopy,1,960,1310,21,2012,751
4,1/21/2012,low,open,2,880,1690,21,2012,751
5,1/21/2012,low,shrub,2,,,21,2012,751
6,1/21/2012,low,canopy,2,1080,2600,21,2012,751
7,1/21/2012,low,canopy,3,,,21,2012,751
8,1/21/2012,high,open,1,,,21,2012,751
9,1/21/2012,high,shrub,1,,,21,2012,751
10,1/21/2012,high,canopy,1,1660,2070,21,2012,751
11,1/21/2012,high,open,2,,,21,2012,751
12,1/21/2012,high,shrub,2,1170,1280,21,2012,751
13,1/21/2012,high,canopy,2,,,21,2012,751
14,1/21/2012,high,open,3,1370,1170,21,2012,751
15,1/21/2012,high,shrub,3,,,21,2012,751
16,1/21/2012,high,canopy,3,,,21,2012,751
17,1/21/2012,mid,open,1,,1270,21,2012,751
18,1/21/2012,mid,shrub,1,,1080,21,2012,751
19,1/21/2012,mid,canopy,1,,3140,21,2012,751
20,1/21/2012,mid,open,2,,1230,21,2012,751
21,1/21/2012,mid,shrub,2,1190,1010,21,2012,751
22,1/21/2012,mid,canopy,2,1790,,21,2012,751
23,1/21/2012,mid,open,3,970,3300,21,2012,751
24,1/21/2012,mid,shrub,3,1050,,21,2012,751
25,1/21/2012,mid,canopy,3,1130,1350,21,2012,751
26,3/10/2012,low,open,1,1200,1620,70,2012,800
27,3/10/2012,low,shrub,1,1130,1170,70,2012,800
28,3/10/2012,low,canopy,1,1300,2330,70,2012,800
29,3/10/2012,low,open,2,1070,1510,70,2012,800
30,3/10/2012,low,shrub,2,1370,840,70,2012,800
31,3/10/2012,low,canopy,2,970,1050,70,2012,800
32,3/10/2012,high,open,1,990,1300,70,2012,800
33,3/10/2012,high,shrub,1,1080,1200,70,2012,800
34,3/10/2012,high,canopy,1,1550,2200,70,2012,800
35,3/10/2012,high,open,2,1290,,70,2012,800
36,3/10/2012,high,shrub,2,990,990,70,2012,800
37,3/10/2012,high,open,3,1010,1120,70,2012,800
38,3/10/2012,high,canopy,2,1230,1820,70,2012,800
39,3/10/2012,high,shrub,3,,,70,2012,800
40,3/10/2012,high,canopy,3,1200,,70,2012,800
41,3/10/2012,mid,open,1,,1870,70,2012,800
42,3/10/2012,mid,shrub,1,990,1080,70,2012,800
43,3/10/2012,mid,canopy,1,930,2910,70,2012,800
44,3/10/2012,mid,open,2,9060,990,70,2012,800
45,3/10/2012,mid,shrub,2,1210,860,70,2012,800
46,3/10/2012,mid,canopy,2,1170,1510,70,2012,800
47,3/10/2012,mid,open,3,1090,3490,70,2012,800
48,3/10/2012,mid,shrub,3,840,,70,2012,800
49,3/10/2012,mid,canopy,3,1020,1210,70,2012,800
50,5/1/2012,low,open,1,,,122,2012,852
51,5/1/2012,low,shrub,1,,,122,2012,852
52,5/1/2012,low,canopy,1,,,122,2012,852
53,5/1/2012,low,open,2,,,122,2012,852
54,5/1/2012,low,shrub,2,,,122,2012,852
55,5/1/2012,low,canopy,2,,,122,2012,852
56,5/1/2012,low,open,3,,,122,2012,852
57,5/1/2012,low,shrub,3,,,122,2012,852
58,5/1/2012,low,canopy,3,,,122,2012,852
59,5/1/2012,high,open,1,,,122,2012,852
60,5/1/2012,high,shrub,1,,,122,2012,852
61,5/1/2012,high,canopy,1,,,122,2012,852
62,5/1/2012,high,open,2,,,122,2012,852
63,5/1/2012,high,shrub,2,,,122,2012,852
64,5/1/2012,high,canopy,2,,,122,2012,852
65,5/1/2012,high,open,3,,,122,2012,852
66,5/1/2012,high,shrub,3,,,122,2012,852
67,5/1/2012,high,canopy,3,,,122,2012,852
68,5/1/2012,mid,open,1,,,122,2012,852
69,5/1/2012,mid,shrub,1,,,122,2012,852
70,5/1/2012,mid,canopy,1,,,122,2012,852
71,5/1/2012,mid,open,2,,,122,2012,852
72,5/1/2012,mid,shrub,2,,,122,2012,852
73,5/1/2012,mid,canopy,2,,,122,2012,852
74,5/1/2012,mid,open,3,,,122,2012,852
75,5/1/2012,mid,shrub,3,,,122,2012,852
76,5/1/2012,mid,canopy,3,,,122,2012,852
77,5/24/2012,high,open,1,1540,1930,145,2012,875
78,5/24/2012,high,shrub,1,,,145,2012,875
79,5/24/2012,high,canopy,1,2430,3580,145,2012,875
80,5/24/2012,high,open,2,,,145,2012,875
81,5/24/2012,high,shrub,2,,1430,145,2012,875
82,5/24/2012,high,canopy,2,,,145,2012,875
83,5/24/2012,high,open,3,,1880,145,2012,875
84,5/24/2012,high,shrub,3,1220,3200,145,2012,875
85,5/24/2012,high,canopy,3,2380,,145,2012,875
86,5/24/2012,mid,open,1,,3530,145,2012,875
87,5/24/2012,mid,shrub,1,,1280,145,2012,875
88,5/24/2012,mid,canopy,1,,5800,145,2012,875
89,5/24/2012,mid,open,2,1170,1780,145,2012,875
90,5/24/2012,mid,shrub,2,580,2830,145,2012,875
91,5/24/2012,mid,canopy,2,600,1460,145,2012,875
92,5/24/2012,mid,open,3,570,,145,2012,875
93,5/24/2012,mid,shrub,3,490,,145,2012,875
94,5/24/2012,mid,canopy,3,810,1710,145,2012,875
95,5/24/2012,low,open,1,990,3560,145,2012,875
96,5/24/2012,low,shrub,1,1560,2650,145,2012,875
97,5/24/2012,low,canopy,1,610,3660,145,2012,875
98,5/24/2012,low,open,2,,3380,145,2012,875
99,5/24/2012,low,shrub,2,1600,14970,145,2012,875
100,5/24/2012,low,canopy,2,1060,950,145,2012,875
101,6/8/2012,mid,open,1,,2410,160,2012,890
102,6/8/2012,mid,shrub,1,,,160,2012,890
103,6/8/2012,mid,canopy,1,910,4900,160,2012,890
104,6/8/2012,mid,open,2,860,2050,160,2012,890
105,6/8/2012,mid,shrub,2,1160,2320,160,2012,890
106,6/8/2012,mid,canopy,2,1340,950,160,2012,890
107,6/8/2012,mid,open,3,610,,160,2012,890
108,6/8/2012,mid,shrub,3,1200,,160,2012,890
109,6/8/2012,mid,canopy,3,1150,2350,160,2012,890
110,6/8/2012,low,open,1,600,2340,160,2012,890
111,6/8/2012,low,shrub,1,1310,1730,160,2012,890
112,6/8/2012,low,canopy,1,1600,,160,2012,890
113,6/8/2012,low,open,2,1770,3170,160,2012,890
114,6/8/2012,low,shrub,2,1640,2280,160,2012,890
115,6/8/2012,low,canopy,2,940,1470,160,2012,890
116,6/8/2012,high,open,1,1170,1970,160,2012,890
117,6/8/2012,high,shrub,1,1150,1940,160,2012,890
118,6/8/2012,high,canopy,1,1810,3430,160,2012,890
119,6/8/2012,high,open,2,1270,,160,2012,890
120,6/8/2012,high,shrub,2,1310,1310,160,2012,890
121,6/8/2012,high,canopy,2,,530,160,2012,890
122,6/8/2012,high,open,3,1780,1400,160,2012,890
123,6/8/2012,high,shrub,3,1560,2650,160,2012,890
124,6/8/2012,high,canopy,3,1680,,160,2012,890
125,6/27/2012,mid,open,1,1070,3090,179,2012,909
126,6/27/2012,mid,shrub,1,980,2210,179,2012,909
127,6/27/2012,mid,canopy,1,870,4620,179,2012,909
128,6/27/2012,mid,open,2,1380,,179,2012,909
129,6/27/2012,mid,shrub,2,1070,,179,2012,909
130,6/27/2012,mid,canopy,2,1610,1540,179,2012,909
131,6/27/2012,mid,open,3,,5790,179,2012,909
132,6/27/2012,mid,shrub,3,,,179,2012,909
133,6/27/2012,mid,canopy,3,1440,2700,179,2012,909
134,6/27/2012,high,open,1,1630,2510,179,2012,909
135,6/27/2012,high,shrub,1,,1880,179,2012,909
136,6/27/2012,high,canopy,1,2770,3370,179,2012,909
137,6/27/2012,high,open,2,1400,,179,2012,909
138,6/27/2012,high,shrub,2,1730,1900,179,2012,909
139,6/27/2012,high,canopy,2,2240,,179,2012,909
140,6/27/2012,high,open,3,1570,1410,179,2012,909
141,6/27/2012,high,shrub,3,1710,2330,179,2012,909
142,6/27/2012,high,canopy,3,2170,,179,2012,909
143,6/27/2012,low,open,1,3410,,179,2012,909
144,6/27/2012,low,shrub,1,1760,2610,179,2012,909
145,6/27/2012,low,canopy,1,1680,2630,179,2012,909
146,6/27/2012,low,open,2,2340,,179,2012,909
147,6/27/2012,low,shrub,2,2100,3410,179,2012,909
148,6/27/2012,low,canopy,2,1260,1900,179,2012,909
149,7/8/2012,low,open,1,,,190,2012,920
150,7/8/2012,low,shrub,1,,,190,2012,920
151,7/8/2012,low,canopy,1,,,190,2012,920
152,7/8/2012,low,open,2,,,190,2012,920
153,7/8/2012,low,shrub,2,,,190,2012,920
154,7/8/2012,low,canopy,2,,,190,2012,920
155,7/8/2012,low,canopy,3,,,190,2012,920
156,7/8/2012,high,open,1,,,190,2012,920
157,7/8/2012,high,shrub,1,,,190,2012,920
158,7/8/2012,high,canopy,1,,,190,2012,920
159,7/8/2012,high,open,2,,,190,2012,920
160,7/8/2012,high,shrub,2,,,190,2012,920
161,7/8/2012,high,canopy,2,,,190,2012,920
162,7/8/2012,high,open,3,,,190,2012,920
163,7/8/2012,high,shrub,3,,,190,2012,920
164,7/8/2012,high,canopy,3,,,190,2012,920
165,7/8/2012,mid,open,1,,,190,2012,920
166,7/8/2012,mid,shrub,1,,,190,2012,920
167,7/8/2012,mid,canopy,1,,,190,2012,920
168,7/16/2012,high,open,1,,,198,2012,928
169,7/16/2012,high,shrub,1,,,198,2012,928
170,7/16/2012,high,canopy,1,,,198,2012,928
171,7/16/2012,high,open,2,,,198,2012,928
172,7/16/2012,high,shrub,2,,,198,2012,928
173,7/16/2012,high,canopy,2,,,198,2012,928
174,7/16/2012,high,open,3,,,198,2012,928
175,7/16/2012,high,shrub,3,,,198,2012,928
176,7/16/2012,high,canopy,3,,,198,2012,928
177,7/16/2012,mid,open,1,,,198,2012,928
178,7/16/2012,mid,shrub,1,,,198,2012,928
179,7/16/2012,mid,canopy,1,,,198,2012,928
180,7/16/2012,mid,open,2,,,198,2012,928
181,7/16/2012,mid,shrub,2,,,198,2012,928
182,7/16/2012,mid,canopy,2,,,198,2012,928
183,7/16/2012,mid,open,3,,,198,2012,928
184,7/16/2012,mid,shrub,3,,,198,2012,928
185,7/16/2012,mid,canopy,3,,,198,2012,928
186,7/16/2012,low,open,1,,,198,2012,928
187,7/16/2012,low,shrub,1,,,198,2012,928
188,7/16/2012,low,canopy,1,,,198,2012,928
189,8/14/2012,mid,open,1,,,227,2012,957
190,8/14/2012,mid,shrub,1,,,227,2012,957
191,8/14/2012,mid,canopy,1,,,227,2012,957
192,8/14/2012,mid,open,2,,,227,2012,957
193,8/14/2012,mid,shrub,2,,,227,2012,957
194,8/14/2012,mid,canopy,2,,,227,2012,957
195,8/14/2012,mid,open,3,,,227,2012,957
196,8/14/2012,mid,shrub,3,,,227,2012,957
197,8/14/2012,mid,canopy,3,,,227,2012,957
198,8/14/2012,low,open,1,,,227,2012,957
199,8/14/2012,low,shrub,1,,,227,2012,957
200,8/14/2012,low,canopy,1,,,227,2012,957
201,8/14/2012,low,open,2,,,227,2012,957
202,8/14/2012,low,shrub,2,,,227,2012,957
203,8/14/2012,low,canopy,2,,,227,2012,957
204,8/14/2012,low,open,3,,,227,2012,957
205,8/14/2012,low,shrub,3,,,227,2012,957
206,8/14/2012,low,canopy,3,,,227,2012,957
207,8/14/2012,high,open,1,,,227,2012,957
208,8/14/2012,high,shrub,1,,,227,2012,957
209,8/14/2012,high,canopy,1,,,227,2012,957
210,8/14/2012,high,open,2,,,227,2012,957
211,8/14/2012,high,shrub,2,,,227,2012,957
212,8/14/2012,high,canopy,2,,,227,2012,957
213,8/14/2012,high,open,3,,,227,2012,957
214,8/14/2012,high,shrub,3,,,227,2012,957
215,8/14/2012,high,canopy,3,,,227,2012,957
216,8/30/2012,high,open,1,,,243,2012,973
217,8/30/2012,high,shrub,1,,,243,2012,973
218,8/30/2012,high,canopy,1,,,243,2012,973
219,8/30/2012,high,open,2,,,243,2012,973
220,8/30/2012,high,shrub,2,,,243,2012,973
221,8/30/2012,high,canopy,2,,,243,2012,973
222,8/30/2012,high,open,3,,,243,2012,973
223,8/30/2012,high,shrub,3,,,243,2012,973
224,8/30/2012,high,canopy,3,,,243,2012,973
225,8/30/2012,low,open,1,,,243,2012,973
226,8/30/2012,low,shrub,1,,,243,2012,973
227,8/30/2012,low,canopy,1,,,243,2012,973
228,8/30/2012,low,open,2,,,243,2012,973
229,8/30/2012,low,shrub,2,,,243,2012,973
230,8/30/2012,low,canopy,2,,,243,2012,973
231,8/30/2012,mid,open,1,,,243,2012,973
232,8/30/2012,mid,shrub,1,,,243,2012,973
233,8/30/2012,mid,canopy,1,,,243,2012,973
234,9/27/2012,low,open,1,,,271,2012,1001
235,9/27/2012,low,shrub,1,,,271,2012,1001
236,9/27/2012,low,canopy,1,,,271,2012,1001
237,9/27/2012,low,open,2,,,271,2012,1001
238,9/27/2012,low,shrub,2,,,271,2012,1001
239,9/27/2012,low,canopy,2,,,271,2012,1001
240,9/27/2012,low,canopy,3,,,271,2012,1001
241,9/27/2012,mid,open,1,,,271,2012,1001
242,9/27/2012,mid,shrub,1,,,271,2012,1001
243,9/27/2012,mid,canopy,1,,,271,2012,1001
244,9/27/2012,mid,open,2,,,271,2012,1001
245,9/27/2012,mid,shrub,2,,,271,2012,1001
246,9/27/2012,mid,canopy,2,,,271,2012,1001
247,9/27/2012,mid,open,3,,,271,2012,1001
248,9/27/2012,mid,shrub,3,,,271,2012,1001
249,9/27/2012,mid,canopy,3,,,271,2012,1001
250,9/27/2012,high,open,1,,,271,2012,1001
251,9/27/2012,high,shrub,1,,,271,2012,1001
252,9/27/2012,high,canopy,1,,,271,2012,1001
253,9/27/2012,high,open,2,,,271,2012,1001
254,9/27/2012,high,shrub,2,,,271,2012,1001
255,9/27/2012,high,canopy,2,,,271,2012,1001
256,9/27/2012,high,open,3,,,271,2012,1001
257,9/27/2012,high,shrub,3,,,271,2012,1001
258,9/27/2012,high,canopy,3,,,271,2012,1001
259,10/1/2012,high,shrub,2,,,275,2012,1005
260,10/1/2012,high,canopy,2,,,275,2012,1005
261,10/1/2012,high,open,3,,,275,2012,1005
262,10/1/2012,high,shrub,3,,,275,2012,1005
263,10/1/2012,high,canopy,3,,,275,2012,1005
264,6/10/2010,low,open,1,,,161,2010,891
265,6/10/2010,low,open,2,,,161,2010,891
266,6/10/2010,low,open,3,,,161,2010,891
267,6/10/2010,low,shrub,1,,,161,2010,891
268,6/10/2010,low,shrub,2,,,161,2010,891
269,6/10/2010,low,shrub,3,,,161,2010,891
270,6/10/2010,low,closed,1,,,161,2010,891
271,6/10/2010,low,closed,2,,,161,2010,891
272,6/10/2010,low,closed,3,,,161,2010,891
273,6/10/2010,mid,open,1,,,161,2010,891
274,6/10/2010,mid,open,2,,,161,2010,891
275,6/10/2010,mid,open,3,,,161,2010,891
276,6/10/2010,mid,shrub,1,,,161,2010,891
277,6/10/2010,mid,shrub,2,,,161,2010,891
278,6/10/2010,mid,shrub,3,,,161,2010,891
279,6/10/2010,mid,closed,1,,,161,2010,891
280,6/10/2010,mid,closed,2,,,161,2010,891
281,6/10/2010,mid,closed,3,,,161,2010,891
282,6/10/2010,high,open,1,,,161,2010,891
283,6/10/2010,high,open,2,,,161,2010,891
284,6/10/2010,high,open,3,,,161,2010,891
285,6/10/2010,high,shrub,1,,,161,2010,891
286,6/10/2010,high,shrub,2,,,161,2010,891
287,6/10/2010,high,shrub,3,,,161,2010,891
288,6/10/2010,high,closed,1,,,161,2010,891
289,6/10/2010,high,closed,2,,,161,2010,891
290,6/10/2010,high,closed,3,,,161,2010,891
291,6/16/2010,low,open,1,,,167,2010,897
292,6/16/2010,low,open,2,,,167,2010,897
293,6/16/2010,low,open,3,,,167,2010,897
294,6/16/2010,low,shrub,1,,,167,2010,897
295,6/16/2010,low,shrub,2,,,167,2010,897
296,6/16/2010,low,shrub,3,,,167,2010,897
297,6/16/2010,low,closed,1,,,167,2010,897
298,6/16/2010,low,closed,2,,,167,2010,897
299,6/16/2010,low,closed,3,,,167,2010,897
300,6/16/2010,mid,open,1,,,167,2010,897
301,6/16/2010,mid,open,2,,,167,2010,897
302,6/16/2010,mid,open,3,,,167,2010,897
303,6/16/2010,mid,shrub,1,,,167,2010,897
304,6/16/2010,mid,shrub,2,,,167,2010,897
305,6/16/2010,mid,shrub,3,,,167,2010,897
306,6/16/2010,mid,closed,1,,,167,2010,897
307,6/16/2010,mid,closed,2,,,167,2010,897
308,6/16/2010,mid,closed,3,,,167,2010,897
309,6/16/2010,high,open,1,,,167,2010,897
310,6/16/2010,high,open,2,,,167,2010,897
311,6/16/2010,high,open,3,,,167,2010,897
312,6/16/2010,high,shrub,1,,,167,2010,897
313,6/16/2010,high,shrub,2,,,167,2010,897
314,6/16/2010,high,shrub,3,,,167,2010,897
315,6/16/2010,high,closed,1,,,167,2010,897
316,6/16/2010,high,closed,2,,,167,2010,897
317,6/16/2010,high,closed,3,,,167,2010,897
318,6/24/2010,low,open,1,,,175,2010,905
319,6/24/2010,low,open,2,,,175,2010,905
320,6/24/2010,low,open,3,,,175,2010,905
321,6/24/2010,low,shrub,1,,,175,2010,905
322,6/24/2010,low,shrub,2,,,175,2010,905
323,6/24/2010,low,shrub,3,,,175,2010,905
324,6/24/2010,low,closed,1,,,175,2010,905
325,6/24/2010,low,closed,2,,,175,2010,905
326,6/24/2010,low,closed,3,,,175,2010,905
327,6/24/2010,mid,open,1,,,175,2010,905
328,6/24/2010,mid,open,2,,,175,2010,905
329,6/24/2010,mid,open,3,,,175,2010,905
330,6/24/2010,mid,shrub,1,,,175,2010,905
331,6/24/2010,mid,shrub,2,,,175,2010,905
332,6/24/2010,mid,shrub,3,,,175,2010,905
333,6/24/2010,mid,closed,1,,,175,2010,905
334,6/24/2010,mid,closed,2,,,175,2010,905
335,6/24/2010,mid,closed,3,,,175,2010,905
336,6/24/2010,high,open,1,,,175,2010,905
337,6/24/2010,high,open,2,,,175,2010,905
338,6/24/2010,high,open,3,,,175,2010,905
339,6/24/2010,high,shrub,1,,,175,2010,905
340,6/24/2010,high,shrub,2,,,175,2010,905
341,6/24/2010,high,shrub,3,,,175,2010,905
342,6/24/2010,high,closed,1,,,175,2010,905
343,6/24/2010,high,closed,2,,,175,2010,905
344,6/24/2010,high,closed,3,,,175,2010,905
345,6/30/2010,low,open,1,1520,5040,181,2010,911
346,6/30/2010,low,open,2,2410,6180,181,2010,911
347,6/30/2010,low,open,3,,,181,2010,911
348,6/30/2010,low,shrub,1,1590,2890,181,2010,911
349,6/30/2010,low,shrub,2,1610,5020,181,2010,911
350,6/30/2010,low,shrub,3,,,181,2010,911
351,6/30/2010,low,closed,1,1580,,181,2010,911
352,6/30/2010,low,closed,2,1160,2680,181,2010,911
353,6/30/2010,low,closed,3,,1740,181,2010,911
354,6/30/2010,mid,open,1,1060,4020,181,2010,911
355,6/30/2010,mid,open,2,1340,2570,181,2010,911
356,6/30/2010,mid,open,3,1580,9190,181,2010,911
357,6/30/2010,mid,shrub,1,1360,1790,181,2010,911
358,6/30/2010,mid,shrub,2,1630,3340,181,2010,911
359,6/30/2010,mid,shrub,3,,1850,181,2010,911
360,6/30/2010,mid,closed,1,1600,6970,181,2010,911
361,6/30/2010,mid,closed,2,1310,2490,181,2010,911
362,6/30/2010,mid,closed,3,1310,1080,181,2010,911
363,6/30/2010,high,open,1,1510,2510,181,2010,911
364,6/30/2010,high,open,2,1260,2280,181,2010,911
365,6/30/2010,high,open,3,1890,2840,181,2010,911
366,6/30/2010,high,shrub,1,,2460,181,2010,911
367,6/30/2010,high,shrub,2,1350,1350,181,2010,911
368,6/30/2010,high,shrub,3,,,181,2010,911
369,6/30/2010,high,closed,1,2390,4080,181,2010,911
370,6/30/2010,high,closed,2,1770,2530,181,2010,911
371,6/30/2010,high,closed,3,2260,3990,181,2010,911
372,7/7/2010,low,open,1,,,188,2010,918
373,7/7/2010,low,open,2,,,188,2010,918
374,7/7/2010,low,open,3,,,188,2010,918
375,7/7/2010,low,shrub,1,,,188,2010,918
376,7/7/2010,low,shrub,2,,,188,2010,918
377,7/7/2010,low,shrub,3,,,188,2010,918
378,7/7/2010,low,closed,1,,,188,2010,918
379,7/7/2010,low,closed,2,,,188,2010,918
380,7/7/2010,low,closed,3,,,188,2010,918
381,7/7/2010,mid,open,1,,,188,2010,918
382,7/7/2010,mid,open,2,,,188,2010,918
383,7/7/2010,mid,open,3,,,188,2010,918
384,7/7/2010,mid,shrub,1,,,188,2010,918
385,7/7/2010,mid,shrub,2,,,188,2010,918
386,7/7/2010,mid,shrub,3,,,188,2010,918
387,7/7/2010,mid,closed,1,,,188,2010,918
388,7/7/2010,mid,closed,2,,,188,2010,918
389,7/7/2010,mid,closed,3,,,188,2010,918
390,7/7/2010,high,open,1,,,188,2010,918
391,7/7/2010,high,open,2,,,188,2010,918
392,7/7/2010,high,open,3,,,188,2010,918
393,7/7/2010,high,shrub,1,,,188,2010,918
394,7/7/2010,high,shrub,2,,,188,2010,918
395,7/7/2010,high,shrub,3,,,188,2010,918
396,7/7/2010,high,closed,1,,,188,2010,918
397,7/7/2010,high,closed,2,,,188,2010,918
398,7/7/2010,high,closed,3,,,188,2010,918
399,7/14/2010,low,open,1,2190,9020,195,2010,925
400,7/14/2010,low,open,2,1360,670,195,2010,925
401,7/14/2010,low,open,3,,,195,2010,925
402,7/14/2010,low,shrub,1,1690,3140,195,2010,925
403,7/14/2010,low,shrub,2,1260,3390,195,2010,925
404,7/14/2010,low,shrub,3,1780,4840,195,2010,925
405,7/14/2010,low,closed,1,,8330,195,2010,925
406,7/14/2010,low,closed,2,3060,1580,195,2010,925
407,7/14/2010,low,closed,3,1070,3600,195,2010,925
408,7/14/2010,mid,open,1,1330,4620,195,2010,925
409,7/14/2010,mid,open,2,1760,2960,195,2010,925
410,7/14/2010,mid,open,3,2310,6220,195,2010,925
411,7/14/2010,mid,shrub,1,1340,2120,195,2010,925
412,7/14/2010,mid,shrub,2,2160,3640,195,2010,925
413,7/14/2010,mid,shrub,3,2130,2060,195,2010,925
414,7/14/2010,mid,closed,1,1360,6610,195,2010,925
415,7/14/2010,mid,closed,2,2740,4410,195,2010,925
416,7/14/2010,mid,closed,3,1240,2920,195,2010,925
417,7/14/2010,high,open,1,2280,4000,195,2010,925
418,7/14/2010,high,open,2,2200,2060,195,2010,925
419,7/14/2010,high,open,3,2430,3750,195,2010,925
420,7/14/2010,high,shrub,1,,1840,195,2010,925
421,7/14/2010,high,shrub,2,2290,2010,195,2010,925
422,7/14/2010,high,shrub,3,2600,5110,195,2010,925
423,7/14/2010,high,closed,1,,3620,195,2010,925
424,7/14/2010,high,closed,2,2120,5030,195,2010,925
425,7/14/2010,high,closed,3,,4470,195,2010,925
426,7/28/2010,low,open,1,2370,8620,209,2010,939
427,7/28/2010,low,open,2,2090,7030,209,2010,939
428,7/28/2010,low,open,3,13880,42960,209,2010,939
429,7/28/2010,low,shrub,1,2360,3540,209,2010,939
430,7/28/2010,low,shrub,2,2300,6180,209,2010,939
431,7/28/2010,low,shrub,3,890,2220,209,2010,939
432,7/28/2010,low,closed,1,1690,6220,209,2010,939
433,7/28/2010,low,closed,2,1080,2580,209,2010,939
434,7/28/2010,low,closed,3,1550,2060,209,2010,939
435,7/28/2010,mid,open,1,1240,4850,209,2010,939
436,7/28/2010,mid,open,2,2130,3400,209,2010,939
437,7/28/2010,mid,open,3,2400,10240,209,2010,939
438,7/28/2010,mid,shrub,1,1240,11190,209,2010,939
439,7/28/2010,mid,shrub,2,2370,9530,209,2010,939
440,7/28/2010,mid,shrub,3,2460,2590,209,2010,939
441,7/28/2010,mid,closed,1,2070,2330,209,2010,939
442,7/28/2010,mid,closed,2,2620,2310,209,2010,939
443,7/28/2010,mid,closed,3,1520,4290,209,2010,939
444,7/28/2010,high,open,1,2040,3300,209,2010,939
445,7/28/2010,high,open,2,1590,3400,209,2010,939
446,7/28/2010,high,open,3,1580,3820,209,2010,939
447,7/28/2010,high,shrub,1,2130,1670,209,2010,939
448,7/28/2010,high,shrub,2,1950,2030,209,2010,939
449,7/28/2010,high,shrub,3,2040,4200,209,2010,939
450,7/28/2010,high,closed,1,,5320,209,2010,939
451,7/28/2010,high,closed,2,2980,4110,209,2010,939
452,7/28/2010,high,closed,3,,,209,2010,939
453,8/4/2010,low,open,1,3430,8310,216,2010,946
454,8/4/2010,low,open,2,1870,4080,216,2010,946
455,8/4/2010,low,open,3,11120,28920,216,2010,946
456,8/4/2010,low,shrub,1,2210,4060,216,2010,946
457,8/4/2010,low,shrub,2,2680,6810,216,2010,946
458,8/4/2010,low,shrub,3,1650,4860,216,2010,946
459,8/4/2010,low,closed,1,4690,7150,216,2010,946
460,8/4/2010,low,closed,2,2160,3960,216,2010,946
461,8/4/2010,low,closed,3,2040,2290,216,2010,946
462,8/4/2010,mid,open,1,1480,4120,216,2010,946
463,8/4/2010,mid,open,2,2110,1630,216,2010,946
464,8/4/2010,mid,open,3,980,4340,216,2010,946
465,8/4/2010,mid,shrub,1,1490,1670,216,2010,946
466,8/4/2010,mid,shrub,2,1480,2150,216,2010,946
467,8/4/2010,mid,shrub,3,900,1720,216,2010,946
468,8/4/2010,mid,closed,1,1650,7580,216,2010,946
469,8/4/2010,mid,closed,2,2060,1980,216,2010,946
470,8/4/2010,mid,closed,3,930,1710,216,2010,946
471,8/4/2010,high,open,1,2420,3240,216,2010,946
472,8/4/2010,high,open,2,2160,2780,216,2010,946
473,8/4/2010,high,open,3,1320,3150,216,2010,946
474,8/4/2010,high,shrub,1,2760,3360,216,2010,946
475,8/4/2010,high,shrub,2,1180,1770,216,2010,946
476,8/4/2010,high,shrub,3,1700,4580,216,2010,946
477,8/4/2010,high,closed,1,,4180,216,2010,946
478,8/4/2010,high,closed,2,2460,3960,216,2010,946
479,8/4/2010,high,closed,3,,4810,216,2010,946
480,8/11/2010,low,open,1,,7320,223,2010,953
481,8/11/2010,low,open,2,2650,5350,223,2010,953
482,8/11/2010,low,open,3,,30580,223,2010,953
483,8/11/2010,low,shrub,1,,1850,223,2010,953
484,8/11/2010,low,shrub,2,2430,5330,223,2010,953
485,8/11/2010,low,shrub,3,1920,2620,223,2010,953
486,8/11/2010,low,closed,1,2860,5820,223,2010,953
487,8/11/2010,low,closed,2,1210,3220,223,2010,953
488,8/11/2010,low,closed,3,1390,2610,223,2010,953
489,8/11/2010,mid,open,1,1140,5320,223,2010,953
490,8/11/2010,mid,open,2,1930,3300,223,2010,953
491,8/11/2010,mid,open,3,2330,11320,223,2010,953
492,8/11/2010,mid,shrub,1,1400,1390,223,2010,953
493,8/11/2010,mid,shrub,2,1370,2600,223,2010,953
494,8/11/2010,mid,shrub,3,1680,2570,223,2010,953
495,8/11/2010,mid,closed,1,1800,8800,223,2010,953
496,8/11/2010,mid,closed,2,1980,2070,223,2010,953
497,8/11/2010,mid,closed,3,1390,4220,223,2010,953
498,8/11/2010,high,open,1,2040,3240,223,2010,953
499,8/11/2010,high,open,2,980,3730,223,2010,953
500,8/11/2010,high,open,3,1420,3110,223,2010,953
501,8/11/2010,high,shrub,1,2390,2990,223,2010,953
502,8/11/2010,high,shrub,2,2150,2300,223,2010,953
503,8/11/2010,high,shrub,3,1520,4050,223,2010,953
504,8/11/2010,high,closed,1,,5470,223,2010,953
505,8/11/2010,high,closed,2,2100,4120,223,2010,953
506,8/11/2010,high,closed,3,,6170,223,2010,953
507,8/20/2010,low,open,1,,,232,2010,962
508,8/20/2010,low,open,2,,,232,2010,962
509,8/20/2010,low,open,3,,,232,2010,962
510,8/20/2010,low,shrub,1,,,232,2010,962
511,8/20/2010,low,shrub,2,,,232,2010,962
512,8/20/2010,low,shrub,3,,,232,2010,962
513,8/20/2010,low,closed,1,,,232,2010,962
514,8/20/2010,low,closed,2,,,232,2010,962
515,8/20/2010,low,closed,3,,,232,2010,962
516,8/20/2010,mid,open,1,,,232,2010,962
517,8/20/2010,mid,open,2,,,232,2010,962
518,8/20/2010,mid,open,3,,,232,2010,962
519,8/20/2010,mid,shrub,1,,,232,2010,962
520,8/20/2010,mid,shrub,2,,,232,2010,962
521,8/20/2010,mid,shrub,3,,,232,2010,962
522,8/20/2010,mid,closed,1,,,232,2010,962
523,8/20/2010,mid,closed,2,,,232,2010,962
524,8/20/2010,mid,closed,3,,,232,2010,962
525,8/20/2010,high,open,1,,,232,2010,962
526,8/20/2010,high,open,2,,,232,2010,962
527,8/20/2010,high,open,3,,,232,2010,962
528,8/20/2010,high,shrub,1,,,232,2010,962
529,8/20/2010,high,shrub,2,,,232,2010,962
530,8/20/2010,high,shrub,3,,,232,2010,962
531,8/20/2010,high,closed,1,,,232,2010,962
532,8/20/2010,high,closed,2,,,232,2010,962
533,8/20/2010,high,closed,3,,,232,2010,962
534,8/25/2010,low,open,1,1590,3920,237,2010,967
535,8/25/2010,low,open,2,1790,4320,237,2010,967
536,8/25/2010,low,open,3,10310,40710,237,2010,967
537,8/25/2010,low,shrub,1,,2650,237,2010,967
538,8/25/2010,low,shrub,2,,3820,237,2010,967
539,8/25/2010,low,shrub,3,1300,3500,237,2010,967
540,8/25/2010,low,closed,1,,3820,237,2010,967
541,8/25/2010,low,closed,2,930,2170,237,2010,967
542,8/25/2010,low,closed,3,1300,1710,237,2010,967
543,8/25/2010,mid,open,1,1150,3750,237,2010,967
544,8/25/2010,mid,open,2,1470,1760,237,2010,967
545,8/25/2010,mid,open,3,1570,8460,237,2010,967
546,8/25/2010,mid,shrub,1,790,1690,237,2010,967
547,8/25/2010,mid,shrub,2,1220,1820,237,2010,967
548,8/25/2010,mid,shrub,3,1260,2250,237,2010,967
549,8/25/2010,mid,closed,1,1210,4780,237,2010,967
550,8/25/2010,mid,closed,2,1380,1580,237,2010,967
551,8/25/2010,mid,closed,3,1190,3550,237,2010,967
552,8/25/2010,high,open,1,1680,2510,237,2010,967
553,8/25/2010,high,open,2,1090,2100,237,2010,967
554,8/25/2010,high,open,3,1170,2040,237,2010,967
555,8/25/2010,high,shrub,1,1450,1710,237,2010,967
556,8/25/2010,high,shrub,2,960,1160,237,2010,967
557,8/25/2010,high,shrub,3,1290,1840,237,2010,967
558,8/25/2010,high,closed,1,2260,3020,237,2010,967
559,8/25/2010,high,closed,2,1650,2970,237,2010,967
560,8/25/2010,high,closed,3,1670,2610,237,2010,967
561,9/1/2010,low,open,1,,,244,2010,974
562,9/1/2010,low,open,2,,,244,2010,974
563,9/1/2010,low,open,3,,,244,2010,974
564,9/1/2010,low,shrub,1,,,244,2010,974
565,9/1/2010,low,shrub,2,,,244,2010,974
566,9/1/2010,low,shrub,3,,,244,2010,974
567,9/1/2010,low,closed,1,,,244,2010,974
568,9/1/2010,low,closed,2,,,244,2010,974
569,9/1/2010,low,closed,3,,,244,2010,974
570,9/1/2010,mid,open,1,,,244,2010,974
571,9/1/2010,mid,open,2,,,244,2010,974
572,9/1/2010,mid,open,3,,,244,2010,974
573,9/1/2010,mid,shrub,1,,,244,2010,974
574,9/1/2010,mid,shrub,2,,,244,2010,974
575,9/1/2010,mid,shrub,3,,,244,2010,974
576,9/1/2010,mid,closed,1,,,244,2010,974
577,9/1/2010,mid,closed,2,,,244,2010,974
578,9/1/2010,mid,closed,3,,,244,2010,974
579,9/1/2010,high,open,1,,,244,2010,974
580,9/1/2010,high,open,2,,,244,2010,974
581,9/1/2010,high,open,3,,,244,2010,974
582,9/1/2010,high,shrub,1,,,244,2010,974
583,9/1/2010,high,shrub,2,,,244,2010,974
584,9/1/2010,high,shrub,3,,,244,2010,974
585,9/1/2010,high,closed,1,,,244,2010,974
586,9/1/2010,high,closed,2,,,244,2010,974
587,9/1/2010,high,closed,3,,,244,2010,974
588,9/8/2010,low,open,1,,,251,2010,981
589,9/8/2010,low,open,2,,,251,2010,981
590,9/8/2010,low,open,3,,,251,2010,981
591,9/8/2010,low,shrub,1,,,251,2010,981
592,9/8/2010,low,shrub,2,,,251,2010,981
593,9/8/2010,low,shrub,3,,,251,2010,981
594,9/8/2010,low,closed,1,,,251,2010,981
595,9/8/2010,low,closed,2,,,251,2010,981
596,9/8/2010,low,closed,3,,,251,2010,981
597,9/8/2010,mid,open,1,,,251,2010,981
598,9/8/2010,mid,open,2,,,251,2010,981
599,9/8/2010,mid,open,3,,,251,2010,981
600,9/8/2010,mid,shrub,1,,,251,2010,981
601,9/8/2010,mid,shrub,2,,,251,2010,981
602,9/8/2010,mid,shrub,3,,,251,2010,981
603,9/8/2010,mid,closed,1,,,251,2010,981
604,9/8/2010,mid,closed,2,,,251,2010,981
605,9/8/2010,mid,closed,3,,,251,2010,981
606,9/8/2010,high,open,1,,,251,2010,981
607,9/8/2010,high,open,2,,,251,2010,981
608,9/8/2010,high,open,3,,,251,2010,981
609,9/8/2010,high,shrub,1,,,251,2010,981
610,9/8/2010,high,shrub,2,,,251,2010,981
611,9/8/2010,high,shrub,3,,,251,2010,981
612,9/8/2010,high,closed,1,,,251,2010,981
613,9/8/2010,high,closed,2,,,251,2010,981
614,9/8/2010,high,closed,3,,,251,2010,981
615,9/15/2010,low,open,1,1240,2680,258,2010,988
616,9/15/2010,low,open,2,1280,3560,258,2010,988
617,9/15/2010,low,open,3,9820,34600,258,2010,988
618,9/15/2010,low,shrub,1,,1930,258,2010,988
619,9/15/2010,low,shrub,2,,,258,2010,988
620,9/15/2010,low,shrub,3,1250,2210,258,2010,988
621,9/15/2010,low,closed,1,990,2280,258,2010,988
622,9/15/2010,low,closed,2,860,1650,258,2010,988
623,9/15/2010,low,closed,3,990,1490,258,2010,988
624,9/15/2010,mid,open,1,1010,2630,258,2010,988
625,9/15/2010,mid,open,2,1060,1440,258,2010,988
626,9/15/2010,mid,open,3,1230,6640,258,2010,988
627,9/15/2010,mid,shrub,1,990,1720,258,2010,988
628,9/15/2010,mid,shrub,2,830,1980,258,2010,988
629,9/15/2010,mid,shrub,3,1170,1780,258,2010,988
630,9/15/2010,mid,closed,1,1240,3890,258,2010,988
631,9/15/2010,mid,closed,2,830,1410,258,2010,988
632,9/15/2010,mid,closed,3,900,2810,258,2010,988
633,9/15/2010,high,open,1,1250,1870,258,2010,988
634,9/15/2010,high,open,2,1080,1910,258,2010,988
635,9/15/2010,high,open,3,960,1670,258,2010,988
636,9/15/2010,high,shrub,1,1420,1760,258,2010,988
637,9/15/2010,high,shrub,2,1140,1250,258,2010,988
638,9/15/2010,high,shrub,3,1110,1920,258,2010,988
639,9/15/2010,high,closed,1,1480,2640,258,2010,988
640,9/15/2010,high,closed,2,1470,2410,258,2010,988
641,9/15/2010,high,closed,3,1250,2190,258,2010,988
642,9/22/2010,low,open,1,1760,4320,265,2010,995
643,9/22/2010,low,open,2,1760,4900,265,2010,995
644,9/22/2010,low,open,3,9570,32170,265,2010,995
645,9/22/2010,low,shrub,1,,2450,265,2010,995
646,9/22/2010,low,shrub,2,,3120,265,2010,995
647,9/22/2010,low,shrub,3,1270,470,265,2010,995
648,9/22/2010,low,closed,1,1360,3380,265,2010,995
649,9/22/2010,low,closed,2,740,1880,265,2010,995
650,9/22/2010,low,closed,3,1110,1330,265,2010,995
651,9/22/2010,mid,open,1,1000,3470,265,2010,995
652,9/22/2010,mid,open,2,,2270,265,2010,995
653,9/22/2010,mid,open,3,1810,7620,265,2010,995
654,9/22/2010,mid,shrub,1,1430,1830,265,2010,995
655,9/22/2010,mid,shrub,2,1290,1360,265,2010,995
656,9/22/2010,mid,shrub,3,1280,1840,265,2010,995
657,9/22/2010,mid,closed,1,1150,4880,265,2010,995
658,9/22/2010,mid,closed,2,1320,1820,265,2010,995
659,9/22/2010,mid,closed,3,920,3260,265,2010,995
660,9/22/2010,high,open,1,1540,2180,265,2010,995
661,9/22/2010,high,open,2,1200,2290,265,2010,995
662,9/22/2010,high,open,3,1010,2130,265,2010,995
663,9/22/2010,high,shrub,1,1440,2160,265,2010,995
664,9/22/2010,high,shrub,2,970,1310,265,2010,995
665,9/22/2010,high,shrub,3,1430,1790,265,2010,995
666,9/22/2010,high,closed,1,1650,3040,265,2010,995
667,9/22/2010,high,closed,2,1550,3110,265,2010,995
668,9/22/2010,high,closed,3,1740,2910,265,2010,995
669,9/29/2010,low,open,1,2470,6580,272,2010,1002
670,9/29/2010,low,open,2,2090,3740,272,2010,1002
671,9/29/2010,low,open,3,9900,42040,272,2010,1002
672,9/29/2010,low,shrub,1,,2580,272,2010,1002
673,9/29/2010,low,shrub,2,,4860,272,2010,1002
674,9/29/2010,low,shrub,3,1600,3080,272,2010,1002
675,9/29/2010,low,closed,1,2130,3590,272,2010,1002
676,9/29/2010,low,closed,2,1140,2070,272,2010,1002
677,9/29/2010,low,closed,3,1310,1960,272,2010,1002
678,9/29/2010,mid,open,1,1060,2930,272,2010,1002
679,9/29/2010,mid,open,2,1530,3230,272,2010,1002
680,9/29/2010,mid,open,3,2010,7540,272,2010,1002
681,9/29/2010,mid,shrub,1,1620,2200,272,2010,1002
682,9/29/2010,mid,shrub,2,1660,2860,272,2010,1002
683,9/29/2010,mid,shrub,3,1830,1540,272,2010,1002
684,9/29/2010,mid,closed,1,1190,4750,272,2010,1002
685,9/29/2010,mid,closed,2,1720,1630,272,2010,1002
686,9/29/2010,mid,closed,3,1240,3240,272,2010,1002
687,9/29/2010,high,open,1,1960,2590,272,2010,1002
688,9/29/2010,high,open,2,1820,2370,272,2010,1002
689,9/29/2010,high,open,3,1630,2540,272,2010,1002
690,9/29/2010,high,shrub,1,,2820,272,2010,1002
691,9/29/2010,high,shrub,2,1640,1820,272,2010,1002
692,9/29/2010,high,shrub,3,1640,2770,272,2010,1002
693,9/29/2010,high,closed,1,1790,3590,272,2010,1002
694,9/29/2010,high,closed,2,1910,3460,272,2010,1002
695,9/29/2010,high,closed,3,1770,,272,2010,1002
696,10/6/2010,low,open,1,,,279,2010,1009
697,10/6/2010,low,open,2,,,279,2010,1009
698,10/6/2010,low,open,3,,,279,2010,1009
699,10/6/2010,low,shrub,1,,,279,2010,1009
700,10/6/2010,low,shrub,2,,,279,2010,1009
701,10/6/2010,low,shrub,3,,,279,2010,1009
702,10/6/2010,low,closed,1,,,279,2010,1009
703,10/6/2010,low,closed,2,,,279,2010,1009
704,10/6/2010,low,closed,3,,,279,2010,1009
705,10/6/2010,mid,open,1,,,279,2010,1009
706,10/6/2010,mid,open,2,,,279,2010,1009
707,10/6/2010,mid,open,3,,,279,2010,1009
708,10/6/2010,mid,shrub,1,,,279,2010,1009
709,10/6/2010,mid,shrub,2,,,279,2010,1009
710,10/6/2010,mid,shrub,3,,,279,2010,1009
711,10/6/2010,mid,closed,1,,,279,2010,1009
712,10/6/2010,mid,closed,2,,,279,2010,1009
713,10/6/2010,mid,closed,3,,,279,2010,1009
714,10/6/2010,high,open,1,1950,2260,279,2010,1009
715,10/6/2010,high,open,2,1490,1620,279,2010,1009
716,10/6/2010,high,open,3,1540,2410,279,2010,1009
717,10/6/2010,high,shrub,1,1290,2190,279,2010,1009
718,10/6/2010,high,shrub,2,1040,1460,279,2010,1009
719,10/6/2010,high,shrub,3,1560,2610,279,2010,1009
720,10/6/2010,high,closed,1,1970,3170,279,2010,1009
721,10/6/2010,high,closed,2,1670,4100,279,2010,1009
722,10/6/2010,high,closed,3,1830,3280,279,2010,1009
723,10/15/2010,low,open,1,,4940,288,2010,1018
724,10/15/2010,low,open,2,1270,3180,288,2010,1018
725,10/15/2010,low,open,3,,31380,288,2010,1018
726,10/15/2010,low,shrub,1,1900,1950,288,2010,1018
727,10/15/2010,low,shrub,2,,4060,288,2010,1018
728,10/15/2010,low,shrub,3,1330,1750,288,2010,1018
729,10/15/2010,low,closed,1,2060,4820,288,2010,1018
730,10/15/2010,low,closed,2,760,1770,288,2010,1018
731,10/15/2010,low,closed,3,700,1320,288,2010,1018
732,10/15/2010,mid,open,1,670,2320,288,2010,1018
733,10/15/2010,mid,open,2,1310,1400,288,2010,1018
734,10/15/2010,mid,open,3,1360,6810,288,2010,1018
735,10/15/2010,mid,shrub,1,1210,1620,288,2010,1018
736,10/15/2010,mid,shrub,2,650,2620,288,2010,1018
737,10/15/2010,mid,shrub,3,1290,1230,288,2010,1018
738,10/15/2010,mid,closed,1,1350,4670,288,2010,1018
739,10/15/2010,mid,closed,2,670,,288,2010,1018
740,10/15/2010,mid,closed,3,1040,1990,288,2010,1018
741,10/15/2010,high,open,1,1600,2120,288,2010,1018
742,10/15/2010,high,open,2,1240,1440,288,2010,1018
743,10/15/2010,high,open,3,1270,1980,288,2010,1018
744,10/15/2010,high,shrub,1,930,1200,288,2010,1018
745,10/15/2010,high,shrub,2,1160,1100,288,2010,1018
746,10/15/2010,high,shrub,3,1410,2140,288,2010,1018
747,10/15/2010,high,closed,1,1800,2830,288,2010,1018
748,10/15/2010,high,closed,2,1260,3350,288,2010,1018
749,10/15/2010,high,closed,3,1360,3290,288,2010,1018
750,10/27/2010,low,open,1,2440,5030,300,2010,1030
751,10/27/2010,low,open,2,1630,4860,300,2010,1030
752,10/27/2010,low,open,3,5350,26760,300,2010,1030
753,10/27/2010,low,shrub,1,2470,1900,300,2010,1030
754,10/27/2010,low,shrub,2,,3510,300,2010,1030
755,10/27/2010,low,shrub,3,1400,2190,300,2010,1030
756,10/27/2010,low,closed,1,2370,4870,300,2010,1030
757,10/27/2010,low,closed,2,1380,1780,300,2010,1030
758,10/27/2010,low,closed,3,1420,1250,300,2010,1030
759,10/27/2010,mid,open,1,2870,3970,300,2010,1030
760,10/27/2010,mid,open,2,1900,2340,300,2010,1030
761,10/27/2010,mid,open,3,1080,2350,300,2010,1030
762,10/27/2010,mid,shrub,1,1250,1830,300,2010,1030
763,10/27/2010,mid,shrub,2,1700,2690,300,2010,1030
764,10/27/2010,mid,shrub,3,1270,1130,300,2010,1030
765,10/27/2010,mid,closed,1,1330,4790,300,2010,1030
766,10/27/2010,mid,closed,2,2280,750,300,2010,1030
767,10/27/2010,mid,closed,3,1480,7750,300,2010,1030
768,10/27/2010,high,open,1,1790,2500,300,2010,1030
769,10/27/2010,high,open,2,1260,1460,300,2010,1030
770,10/27/2010,high,open,3,1800,3660,300,2010,1030
771,10/27/2010,high,shrub,1,1360,2500,300,2010,1030
772,10/27/2010,high,shrub,2,1300,1420,300,2010,1030
773,10/27/2010,high,shrub,3,2150,3110,300,2010,1030
774,10/27/2010,high,closed,1,1730,3600,300,2010,1030
775,10/27/2010,high,closed,2,1750,3910,300,2010,1030
776,10/27/2010,high,closed,3,1470,2490,300,2010,1030
777,11/20/2010,low,open,1,,,324,2010,1054
778,11/20/2010,low,open,2,,,324,2010,1054
779,11/20/2010,low,open,3,,,324,2010,1054
780,11/20/2010,low,shrub,1,,,324,2010,1054
781,11/20/2010,low,shrub,2,,,324,2010,1054
782,11/20/2010,low,shrub,3,,,324,2010,1054
783,11/20/2010,low,closed,1,,,324,2010,1054
784,11/20/2010,low,closed,2,,,324,2010,1054
785,11/20/2010,low,closed,3,,,324,2010,1054
786,11/20/2010,mid,open,1,840,730,324,2010,1054
787,11/20/2010,mid,open,2,,,324,2010,1054
788,11/20/2010,mid,open,3,830,,324,2010,1054
789,11/20/2010,mid,shrub,1,790,1300,324,2010,1054
790,11/20/2010,mid,shrub,2,,,324,2010,1054
791,11/20/2010,mid,shrub,3,940,,324,2010,1054
792,11/20/2010,mid,closed,1,1020,3030,324,2010,1054
793,11/20/2010,mid,closed,2,,,324,2010,1054
794,11/20/2010,mid,closed,3,,670,324,2010,1054
795,11/20/2010,high,open,1,,,324,2010,1054
796,11/20/2010,high,open,2,,,324,2010,1054
797,11/20/2010,high,open,3,,,324,2010,1054
798,11/20/2010,high,shrub,1,,,324,2010,1054
799,11/20/2010,high,shrub,2,,,324,2010,1054
800,11/20/2010,high,shrub,3,,,324,2010,1054
801,11/20/2010,high,closed,1,,,324,2010,1054
802,11/20/2010,high,closed,2,,,324,2010,1054
803,11/20/2010,high,closed,3,,,324,2010,1054
804,3/19/2011,high,closed,1,,2600,78,2011,808
805,4/11/2011,high,closed,1,,,101,2011,831
806,5/11/2011,high,closed,1,,5250,131,2011,861
807,6/1/2011,high,closed,1,,,152,2011,882
808,6/8/2011,high,closed,1,2790,4580,159,2011,889
809,6/29/2011,high,closed,1,4250,7460,180,2011,910
810,7/13/2011,high,closed,1,,,194,2011,924
811,7/17/2011,high,closed,1,3710,6630,198,2011,928
812,7/24/2011,high,closed,1,5450,7390,205,2011,935
813,7/31/2011,high,closed,1,,,212,2011,942
814,8/7/2011,high,closed,1,,,219,2011,949
815,8/16/2011,high,closed,1,5380,8580,228,2011,958
816,8/21/2011,high,closed,1,,,233,2011,963
817,8/28/2011,high,closed,1,6140,9690,240,2011,970
818,9/4/2011,high,closed,1,4980,8450,247,2011,977
819,9/11/2011,high,closed,1,3140,5490,254,2011,984
820,9/18/2011,high,closed,1,1560,6780,261,2011,991
821,9/25/2011,high,closed,1,,,268,2011,998
822,10/22/2011,high,closed,1,,,295,2011,1025
823,10/23/2011,high,closed,1,2680,3930,296,2011,1026
824,11/19/2011,high,closed,1,,,323,2011,1053
825,11/20/2011,high,closed,1,,,324,2011,1054
826,6/21/2011,high,closed,1,,,172,2011,902
827,3/19/2011,high,closed,2,1470,2110,78,2011,808
828,4/11/2011,high,closed,2,,,101,2011,831
829,5/11/2011,high,closed,2,,5270,131,2011,861
830,6/1/2011,high,closed,2,,,152,2011,882
831,6/8/2011,high,closed,2,,4230,159,2011,889
832,6/29/2011,high,closed,2,,7480,180,2011,910
833,7/13/2011,high,closed,2,,,194,2011,924
834,7/17/2011,high,closed,2,,5100,198,2011,928
835,7/24/2011,high,closed,2,2930,2130,205,2011,935
836,7/31/2011,high,closed,2,,,212,2011,942
837,8/7/2011,high,closed,2,,,219,2011,949
838,8/16/2011,high,closed,2,,5920,228,2011,958
839,8/21/2011,high,closed,2,,,233,2011,963
840,8/28/2011,high,closed,2,,8120,240,2011,970
841,9/4/2011,high,closed,2,3060,5760,247,2011,977
842,9/11/2011,high,closed,2,1760,5720,254,2011,984
843,9/18/2011,high,closed,2,2530,5790,261,2011,991
844,9/25/2011,high,closed,2,,,268,2011,998
845,10/22/2011,high,closed,2,,,295,2011,1025
846,10/23/2011,high,closed,2,1620,3390,296,2011,1026
847,11/19/2011,high,closed,2,,,323,2011,1053
848,11/20/2011,high,closed,2,,,324,2011,1054
849,6/21/2011,high,closed,2,,,172,2011,902
850,3/19/2011,high,closed,3,1500,1080,78,2011,808
851,4/11/2011,high,closed,3,,,101,2011,831
852,5/11/2011,high,closed,3,2130,2470,131,2011,861
853,6/1/2011,high,closed,3,,,152,2011,882
854,6/8/2011,high,closed,3,,680,159,2011,889
855,6/29/2011,high,closed,3,4070,3630,180,2011,910
856,7/13/2011,high,closed,3,,,194,2011,924
857,7/17/2011,high,closed,3,3520,3990,198,2011,928
858,7/24/2011,high,closed,3,2890,3240,205,2011,935
859,7/31/2011,high,closed,3,,,212,2011,942
860,8/7/2011,high,closed,3,,,219,2011,949
861,8/16/2011,high,closed,3,,,228,2011,958
862,8/21/2011,high,closed,3,,,233,2011,963
863,8/28/2011,high,closed,3,5040,4550,240,2011,970
864,9/4/2011,high,closed,3,,,247,2011,977
865,9/11/2011,high,closed,3,3140,,254,2011,984
866,9/18/2011,high,closed,3,,,261,2011,991
867,9/25/2011,high,closed,3,,,268,2011,998
868,10/22/2011,high,closed,3,,,295,2011,1025
869,10/23/2011,high,closed,3,2230,,296,2011,1026
870,11/19/2011,high,closed,3,,,323,2011,1053
871,11/20/2011,high,closed,3,,,324,2011,1054
872,6/21/2011,high,closed,3,,,172,2011,902
873,3/19/2011,high,open,1,1910,1270,78,2011,808
874,4/11/2011,high,open,1,,,101,2011,831
875,5/11/2011,high,open,1,1560,2170,131,2011,861
876,6/1/2011,high,open,1,,,152,2011,882
877,6/8/2011,high,open,1,1690,2800,159,2011,889
878,6/29/2011,high,open,1,2560,2150,180,2011,910
879,7/13/2011,high,open,1,,,194,2011,924
880,7/17/2011,high,open,1,2160,3580,198,2011,928
881,7/24/2011,high,open,1,3150,3310,205,2011,935
882,7/31/2011,high,open,1,,,212,2011,942
883,8/7/2011,high,open,1,,,219,2011,949
884,8/16/2011,high,open,1,2890,3020,228,2011,958
885,8/21/2011,high,open,1,,,233,2011,963
886,8/28/2011,high,open,1,3310,4440,240,2011,970
887,9/4/2011,high,open,1,2930,3290,247,2011,977
888,9/11/2011,high,open,1,,,254,2011,984
889,9/18/2011,high,open,1,2030,,261,2011,991
890,9/25/2011,high,open,1,,,268,2011,998
891,10/22/2011,high,open,1,,,295,2011,1025
892,10/23/2011,high,open,1,,2200,296,2011,1026
893,11/19/2011,high,open,1,,,323,2011,1053
894,11/20/2011,high,open,1,,,324,2011,1054
895,6/21/2011,high,open,1,,,172,2011,902
896,3/19/2011,high,open,2,23100,,78,2011,808
897,4/11/2011,high,open,2,,,101,2011,831
898,5/11/2011,high,open,2,,1330,131,2011,861
899,6/1/2011,high,open,2,,,152,2011,882
900,6/8/2011,high,open,2,1040,1250,159,2011,889
901,6/29/2011,high,open,2,1940,1280,180,2011,910
902,7/13/2011,high,open,2,,,194,2011,924
903,7/17/2011,high,open,2,1510,1800,198,2011,928
904,7/24/2011,high,open,2,2310,1780,205,2011,935
905,7/31/2011,high,open,2,,,212,2011,942
906,8/7/2011,high,open,2,,,219,2011,949
907,8/16/2011,high,open,2,,,228,2011,958
908,8/21/2011,high,open,2,,,233,2011,963
909,8/28/2011,high,open,2,,,240,2011,970
910,9/4/2011,high,open,2,,,247,2011,977
911,9/11/2011,high,open,2,,,254,2011,984
912,9/18/2011,high,open,2,,,261,2011,991
913,9/25/2011,high,open,2,,,268,2011,998
914,10/22/2011,high,open,2,,,295,2011,1025
915,10/23/2011,high,open,2,,,296,2011,1026
916,11/19/2011,high,open,2,,,323,2011,1053
917,11/20/2011,high,open,2,,,324,2011,1054
918,6/21/2011,high,open,2,,,172,2011,902
919,3/19/2011,high,open,3,,,78,2011,808
920,4/11/2011,high,open,3,,,101,2011,831
921,5/11/2011,high,open,3,,,131,2011,861
922,6/1/2011,high,open,3,,,152,2011,882
923,6/8/2011,high,open,3,1370,1310,159,2011,889
924,6/29/2011,high,open,3,2640,,180,2011,910
925,7/13/2011,high,open,3,,,194,2011,924
926,7/17/2011,high,open,3,1420,1580,198,2011,928
927,7/24/2011,high,open,3,3300,2180,205,2011,935
928,7/31/2011,high,open,3,,,212,2011,942
929,8/7/2011,high,open,3,,,219,2011,949
930,8/16/2011,high,open,3,2440,2740,228,2011,958
931,8/21/2011,high,open,3,,,233,2011,963
932,8/28/2011,high,open,3,2840,2970,240,2011,970
933,9/4/2011,high,open,3,,2340,247,2011,977
934,9/11/2011,high,open,3,1770,3170,254,2011,984
935,9/18/2011,high,open,3,2030,2020,261,2011,991
936,9/25/2011,high,open,3,,,268,2011,998
937,10/22/2011,high,open,3,,,295,2011,1025
938,10/23/2011,high,open,3,1690,1690,296,2011,1026
939,11/19/2011,high,open,3,,,323,2011,1053
940,11/20/2011,high,open,3,,,324,2011,1054
941,6/21/2011,high,open,3,,,172,2011,902
942,3/19/2011,high,shrub,1,1140,1920,78,2011,808
943,4/11/2011,high,shrub,1,,,101,2011,831
944,5/11/2011,high,shrub,1,460,1540,131,2011,861
945,6/1/2011,high,shrub,1,,,152,2011,882
946,6/8/2011,high,shrub,1,1770,,159,2011,889
947,6/29/2011,high,shrub,1,,,180,2011,910
948,7/13/2011,high,shrub,1,,,194,2011,924
949,7/17/2011,high,shrub,1,1940,2430,198,2011,928
950,7/24/2011,high,shrub,1,2560,,205,2011,935
951,7/31/2011,high,shrub,1,,,212,2011,942
952,8/7/2011,high,shrub,1,,,219,2011,949
953,8/16/2011,high,shrub,1,7820,,228,2011,958
954,8/21/2011,high,shrub,1,,,233,2011,963
955,8/28/2011,high,shrub,1,4370,3480,240,2011,970
956,9/4/2011,high,shrub,1,3510,,247,2011,977
957,9/11/2011,high,shrub,1,,2530,254,2011,984
958,9/18/2011,high,shrub,1,1850,1960,261,2011,991
959,9/25/2011,high,shrub,1,,,268,2011,998
960,10/22/2011,high,shrub,1,,,295,2011,1025
961,10/23/2011,high,shrub,1,,,296,2011,1026
962,11/19/2011,high,shrub,1,,,323,2011,1053
963,11/20/2011,high,shrub,1,,,324,2011,1054
964,6/21/2011,high,shrub,1,,,172,2011,902
965,3/19/2011,high,shrub,2,,1080,78,2011,808
966,4/11/2011,high,shrub,2,,,101,2011,831
967,5/11/2011,high,shrub,2,,1040,131,2011,861
968,6/1/2011,high,shrub,2,,,152,2011,882
969,6/8/2011,high,shrub,2,,,159,2011,889
970,6/29/2011,high,shrub,2,,,180,2011,910
971,7/13/2011,high,shrub,2,,,194,2011,924
972,7/17/2011,high,shrub,2,2100,,198,2011,928
973,7/24/2011,high,shrub,2,,2290,205,2011,935
974,7/31/2011,high,shrub,2,,,212,2011,942
975,8/7/2011,high,shrub,2,,,219,2011,949
976,8/16/2011,high,shrub,2,2910,,228,2011,958
977,8/21/2011,high,shrub,2,,,233,2011,963
978,8/28/2011,high,shrub,2,2010,2360,240,2011,970
979,9/4/2011,high,shrub,2,,3090,247,2011,977
980,9/11/2011,high,shrub,2,,1820,254,2011,984
981,9/18/2011,high,shrub,2,,2150,261,2011,991
982,9/25/2011,high,shrub,2,,,268,2011,998
983,10/22/2011,high,shrub,2,,,295,2011,1025
984,10/23/2011,high,shrub,2,,1410,296,2011,1026
985,11/19/2011,high,shrub,2,,,323,2011,1053
986,11/20/2011,high,shrub,2,,,324,2011,1054
987,6/21/2011,high,shrub,2,,,172,2011,902
988,3/19/2011,high,shrub,3,1440,101,78,2011,808
989,4/11/2011,high,shrub,3,,,101,2011,831
990,5/11/2011,high,shrub,3,1910,2750,131,2011,861
991,6/1/2011,high,shrub,3,,,152,2011,882
992,6/8/2011,high,shrub,3,1810,3130,159,2011,889
993,6/29/2011,high,shrub,3,2730,4230,180,2011,910
994,7/13/2011,high,shrub,3,,,194,2011,924
995,7/17/2011,high,shrub,3,2160,5050,198,2011,928
996,7/24/2011,high,shrub,3,2420,2920,205,2011,935
997,7/31/2011,high,shrub,3,,,212,2011,942
998,8/7/2011,high,shrub,3,,,219,2011,949
999,8/16/2011,high,shrub,3,,,228,2011,958
1000,8/21/2011,high,shrub,3,,,233,2011,963
1001,8/28/2011,high,shrub,3,2900,4970,240,2011,970
1002,9/4/2011,high,shrub,3,,,247,2011,977
1003,9/11/2011,high,shrub,3,2240,3820,254,2011,984
1004,9/18/2011,high,shrub,3,1750,4200,261,2011,991
1005,9/25/2011,high,shrub,3,,,268,2011,998
1006,10/22/2011,high,shrub,3,,,295,2011,1025
1007,10/23/2011,high,shrub,3,1490,3150,296,2011,1026
1008,11/19/2011,high,shrub,3,,,323,2011,1053
1009,11/20/2011,high,shrub,3,,,324,2011,1054
1010,6/21/2011,high,shrub,3,,,172,2011,902
1011,3/19/2011,low,closed,1,1320,1290,78,2011,808
1012,4/11/2011,low,closed,1,,,101,2011,831
1013,5/11/2011,low,closed,1,,,131,2011,861
1014,6/1/2011,low,closed,1,,,152,2011,882
1015,6/8/2011,low,closed,1,1800,4120,159,2011,889
1016,6/29/2011,low,closed,1,4800,4810,180,2011,910
1017,7/13/2011,low,closed,1,2730,4210,194,2011,924
1018,7/17/2011,low,closed,1,2040,,198,2011,928
1019,7/24/2011,low,closed,1,3500,4020,205,2011,935
1020,7/31/2011,low,closed,1,,,212,2011,942
1021,8/7/2011,low,closed,1,,,219,2011,949
1022,8/16/2011,low,closed,1,5290,8480,228,2011,958
1023,8/21/2011,low,closed,1,,,233,2011,963
1024,8/28/2011,low,closed,1,6060,10900,240,2011,970
1025,9/4/2011,low,closed,1,4310,5990,247,2011,977
1026,9/11/2011,low,closed,1,2500,5500,254,2011,984
1027,9/18/2011,low,closed,1,3930,,261,2011,991
1028,9/25/2011,low,closed,1,,,268,2011,998
1029,10/22/2011,low,closed,1,2780,,295,2011,1025
1030,10/23/2011,low,closed,1,,,296,2011,1026
1031,11/19/2011,low,closed,1,,,323,2011,1053
1032,11/20/2011,low,closed,1,,,324,2011,1054
1033,6/21/2011,low,closed,1,,,172,2011,902
1034,3/19/2011,low,closed,2,,,78,2011,808
1035,4/11/2011,low,closed,2,,,101,2011,831
1036,5/11/2011,low,closed,2,,,131,2011,861
1037,6/1/2011,low,closed,2,,,152,2011,882
1038,6/8/2011,low,closed,2,,,159,2011,889
1039,6/29/2011,low,closed,2,1720,4780,180,2011,910
1040,7/13/2011,low,closed,2,1050,,194,2011,924
1041,7/17/2011,low,closed,2,1180,4350,198,2011,928
1042,7/24/2011,low,closed,2,1680,3910,205,2011,935
1043,7/31/2011,low,closed,2,,,212,2011,942
1044,8/7/2011,low,closed,2,,,219,2011,949
1045,8/16/2011,low,closed,2,,,228,2011,958
1046,8/21/2011,low,closed,2,,,233,2011,963
1047,8/28/2011,low,closed,2,1870,6130,240,2011,970
1048,9/4/2011,low,closed,2,1370,4760,247,2011,977
1049,9/11/2011,low,closed,2,1210,3220,254,2011,984
1050,9/18/2011,low,closed,2,1270,3430,261,2011,991
1051,9/25/2011,low,closed,2,,,268,2011,998
1052,10/22/2011,low,closed,2,1570,3120,295,2011,1025
1053,10/23/2011,low,closed,2,,,296,2011,1026
1054,11/19/2011,low,closed,2,,,323,2011,1053
1055,11/20/2011,low,closed,2,,,324,2011,1054
1056,6/21/2011,low,closed,2,,,172,2011,902
1057,3/19/2011,low,closed,3,,,78,2011,808
1058,4/11/2011,low,closed,3,,,101,2011,831
1059,5/11/2011,low,closed,3,,,131,2011,861
1060,6/1/2011,low,closed,3,,,152,2011,882
1061,6/8/2011,low,closed,3,,,159,2011,889
1062,6/29/2011,low,closed,3,,1150,180,2011,910
1063,7/13/2011,low,closed,3,,,194,2011,924
1064,7/17/2011,low,closed,3,,,198,2011,928
1065,7/24/2011,low,closed,3,,,205,2011,935
1066,7/31/2011,low,closed,3,,,212,2011,942
1067,8/7/2011,low,closed,3,,,219,2011,949
1068,8/16/2011,low,closed,3,,,228,2011,958
1069,8/21/2011,low,closed,3,,,233,2011,963
1070,8/28/2011,low,closed,3,,,240,2011,970
1071,9/4/2011,low,closed,3,,1950,247,2011,977
1072,9/11/2011,low,closed,3,,,254,2011,984
1073,9/18/2011,low,closed,3,,,261,2011,991
1074,9/25/2011,low,closed,3,,,268,2011,998
1075,10/22/2011,low,closed,3,,,295,2011,1025
1076,10/23/2011,low,closed,3,,,296,2011,1026
1077,11/19/2011,low,closed,3,,,323,2011,1053
1078,11/20/2011,low,closed,3,,,324,2011,1054
1079,6/21/2011,low,closed,3,,,172,2011,902
1080,3/19/2011,low,open,1,,1670,78,2011,808
1081,4/11/2011,low,open,1,,,101,2011,831
1082,5/11/2011,low,open,1,,,131,2011,861
1083,6/1/2011,low,open,1,,,152,2011,882
1084,6/8/2011,low,open,1,,,159,2011,889
1085,6/29/2011,low,open,1,2450,4550,180,2011,910
1086,7/13/2011,low,open,1,1630,1190,194,2011,924
1087,7/17/2011,low,open,1,,1580,198,2011,928
1088,7/24/2011,low,open,1,1860,2540,205,2011,935
1089,7/31/2011,low,open,1,,,212,2011,942
1090,8/7/2011,low,open,1,,,219,2011,949
1091,8/16/2011,low,open,1,2930,5570,228,2011,958
1092,8/21/2011,low,open,1,,,233,2011,963
1093,8/28/2011,low,open,1,3180,5670,240,2011,970
1094,9/4/2011,low,open,1,2420,4560,247,2011,977
1095,9/11/2011,low,open,1,550,1500,254,2011,984
1096,9/18/2011,low,open,1,900,3660,261,2011,991
1097,9/25/2011,low,open,1,,,268,2011,998
1098,10/22/2011,low,open,1,1310,,295,2011,1025
1099,10/23/2011,low,open,1,,,296,2011,1026
1100,11/19/2011,low,open,1,,,323,2011,1053
1101,11/20/2011,low,open,1,,,324,2011,1054
1102,6/21/2011,low,open,1,,,172,2011,902
1103,3/19/2011,low,open,2,1380,800,78,2011,808
1104,4/11/2011,low,open,2,,,101,2011,831
1105,5/11/2011,low,open,2,,,131,2011,861
1106,6/1/2011,low,open,2,,,152,2011,882
1107,6/8/2011,low,open,2,,,159,2011,889
1108,6/29/2011,low,open,2,,,180,2011,910
1109,7/13/2011,low,open,2,,,194,2011,924
1110,7/17/2011,low,open,2,2770,,198,2011,928
1111,7/24/2011,low,open,2,2590,3340,205,2011,935
1112,7/31/2011,low,open,2,,,212,2011,942
1113,8/7/2011,low,open,2,,,219,2011,949
1114,8/16/2011,low,open,2,,,228,2011,958
1115,8/21/2011,low,open,2,,,233,2011,963
1116,8/28/2011,low,open,2,3650,8060,240,2011,970
1117,9/4/2011,low,open,2,3290,6200,247,2011,977
1118,9/11/2011,low,open,2,2040,6090,254,2011,984
1119,9/18/2011,low,open,2,1290,6320,261,2011,991
1120,9/25/2011,low,open,2,,,268,2011,998
1121,10/22/2011,low,open,2,,4600,295,2011,1025
1122,10/23/2011,low,open,2,,,296,2011,1026
1123,11/19/2011,low,open,2,,,323,2011,1053
1124,11/20/2011,low,open,2,,,324,2011,1054
1125,6/21/2011,low,open,2,,,172,2011,902
1126,3/19/2011,low,open,3,,,78,2011,808
1127,4/11/2011,low,open,3,,,101,2011,831
1128,5/11/2011,low,open,3,,,131,2011,861
1129,6/1/2011,low,open,3,,,152,2011,882
1130,6/8/2011,low,open,3,,,159,2011,889
1131,6/29/2011,low,open,3,,7220,180,2011,910
1132,7/13/2011,low,open,3,,,194,2011,924
1133,7/17/2011,low,open,3,,,198,2011,928
1134,7/24/2011,low,open,3,,,205,2011,935
1135,7/31/2011,low,open,3,,,212,2011,942
1136,8/7/2011,low,open,3,,,219,2011,949
1137,8/16/2011,low,open,3,,,228,2011,958
1138,8/21/2011,low,open,3,,,233,2011,963
1139,8/28/2011,low,open,3,,,240,2011,970
1140,9/4/2011,low,open,3,8380,9740,247,2011,977
1141,9/11/2011,low,open,3,5120,590,254,2011,984
1142,9/18/2011,low,open,3,6610,6050,261,2011,991
1143,9/25/2011,low,open,3,,,268,2011,998
1144,10/22/2011,low,open,3,,,295,2011,1025
1145,10/23/2011,low,open,3,,,296,2011,1026
1146,11/19/2011,low,open,3,,,323,2011,1053
1147,11/20/2011,low,open,3,,,324,2011,1054
1148,6/21/2011,low,open,3,,,172,2011,902
1149,3/19/2011,low,shrub,1,1070,1460,78,2011,808
1150,4/11/2011,low,shrub,1,,,101,2011,831
1151,5/11/2011,low,shrub,1,,,131,2011,861
1152,6/1/2011,low,shrub,1,,,152,2011,882
1153,6/8/2011,low,shrub,1,1870,2790,159,2011,889
1154,6/29/2011,low,shrub,1,3020,3600,180,2011,910
1155,7/13/2011,low,shrub,1,2520,3938,194,2011,924
1156,7/17/2011,low,shrub,1,1380,,198,2011,928
1157,7/24/2011,low,shrub,1,2060,2290,205,2011,935
1158,7/31/2011,low,shrub,1,,,212,2011,942
1159,8/7/2011,low,shrub,1,,,219,2011,949
1160,8/16/2011,low,shrub,1,2580,4050,228,2011,958
1161,8/21/2011,low,shrub,1,,,233,2011,963
1162,8/28/2011,low,shrub,1,4580,3900,240,2011,970
1163,9/4/2011,low,shrub,1,3670,2600,247,2011,977
1164,9/11/2011,low,shrub,1,1390,3340,254,2011,984
1165,9/18/2011,low,shrub,1,2050,2890,261,2011,991
1166,9/25/2011,low,shrub,1,,,268,2011,998
1167,10/22/2011,low,shrub,1,1630,2290,295,2011,1025
1168,10/23/2011,low,shrub,1,,,296,2011,1026
1169,11/19/2011,low,shrub,1,,,323,2011,1053
1170,11/20/2011,low,shrub,1,,,324,2011,1054
1171,6/21/2011,low,shrub,1,,,172,2011,902
1172,3/19/2011,low,shrub,2,,1220,78,2011,808
1173,4/11/2011,low,shrub,2,,,101,2011,831
1174,5/11/2011,low,shrub,2,,,131,2011,861
1175,6/1/2011,low,shrub,2,,,152,2011,882
1176,6/8/2011,low,shrub,2,2100,,159,2011,889
1177,6/29/2011,low,shrub,2,2740,,180,2011,910
1178,7/13/2011,low,shrub,2,2890,,194,2011,924
1179,7/17/2011,low,shrub,2,,,198,2011,928
1180,7/24/2011,low,shrub,2,2510,,205,2011,935
1181,7/31/2011,low,shrub,2,,,212,2011,942
1182,8/7/2011,low,shrub,2,,,219,2011,949
1183,8/16/2011,low,shrub,2,,,228,2011,958
1184,8/21/2011,low,shrub,2,,,233,2011,963
1185,8/28/2011,low,shrub,2,3680,4260,240,2011,970
1186,9/4/2011,low,shrub,2,2400,4070,247,2011,977
1187,9/11/2011,low,shrub,2,,,254,2011,984
1188,9/18/2011,low,shrub,2,2140,3040,261,2011,991
1189,9/25/2011,low,shrub,2,,,268,2011,998
1190,10/22/2011,low,shrub,2,2510,2960,295,2011,1025
1191,10/23/2011,low,shrub,2,,,296,2011,1026
1192,11/19/2011,low,shrub,2,,,323,2011,1053
1193,11/20/2011,low,shrub,2,,,324,2011,1054
1194,6/21/2011,low,shrub,2,,,172,2011,902
1195,3/19/2011,low,shrub,3,,,78,2011,808
1196,4/11/2011,low,shrub,3,,,101,2011,831
1197,5/11/2011,low,shrub,3,,,131,2011,861
1198,6/1/2011,low,shrub,3,,,152,2011,882
1199,6/8/2011,low,shrub,3,,,159,2011,889
1200,6/29/2011,low,shrub,3,,,180,2011,910
1201,7/13/2011,low,shrub,3,,,194,2011,924
1202,7/17/2011,low,shrub,3,,,198,2011,928
1203,7/24/2011,low,shrub,3,,,205,2011,935
1204,7/31/2011,low,shrub,3,,,212,2011,942
1205,8/7/2011,low,shrub,3,,,219,2011,949
1206,8/16/2011,low,shrub,3,,,228,2011,958
1207,8/21/2011,low,shrub,3,,,233,2011,963
1208,8/28/2011,low,shrub,3,,,240,2011,970
1209,9/4/2011,low,shrub,3,1660,,247,2011,977
1210,9/11/2011,low,shrub,3,590,,254,2011,984
1211,9/18/2011,low,shrub,3,,,261,2011,991
1212,9/25/2011,low,shrub,3,,,268,2011,998
1213,10/22/2011,low,shrub,3,,,295,2011,1025
1214,10/23/2011,low,shrub,3,,,296,2011,1026
1215,11/19/2011,low,shrub,3,,,323,2011,1053
1216,11/20/2011,low,shrub,3,,,324,2011,1054
1217,6/21/2011,low,shrub,3,,,172,2011,902
1218,3/19/2011,mid,closed,1,1400,2210,78,2011,808
1219,4/11/2011,mid,closed,1,,,101,2011,831
1220,5/11/2011,mid,closed,1,,,131,2011,861
1221,6/1/2011,mid,closed,1,,,152,2011,882
1222,6/8/2011,mid,closed,1,1270,6050,159,2011,889
1223,6/29/2011,mid,closed,1,1970,11930,180,2011,910
1224,7/13/2011,mid,closed,1,,,194,2011,924
1225,7/17/2011,mid,closed,1,1280,6320,198,2011,928
1226,7/24/2011,mid,closed,1,2060,7710,205,2011,935
1227,7/31/2011,mid,closed,1,,,212,2011,942
1228,8/7/2011,mid,closed,1,2250,10120,219,2011,949
1229,8/16/2011,mid,closed,1,2230,11500,228,2011,958
1230,8/21/2011,mid,closed,1,,,233,2011,963
1231,8/28/2011,mid,closed,1,2680,11540,240,2011,970
1232,9/4/2011,mid,closed,1,1750,9340,247,2011,977
1233,9/11/2011,mid,closed,1,1580,9470,254,2011,984
1234,9/18/2011,mid,closed,1,1810,8630,261,2011,991
1235,9/25/2011,mid,closed,1,,,268,2011,998
1236,10/22/2011,mid,closed,1,2300,3480,295,2011,1025
1237,10/23/2011,mid,closed,1,,,296,2011,1026
1238,11/19/2011,mid,closed,1,1770,5350,323,2011,1053
1239,11/20/2011,mid,closed,1,,,324,2011,1054
1240,6/21/2011,mid,closed,1,,,172,2011,902
1241,3/19/2011,mid,closed,2,,,78,2011,808
1242,4/11/2011,mid,closed,2,,,101,2011,831
1243,5/11/2011,mid,closed,2,,,131,2011,861
1244,6/1/2011,mid,closed,2,,,152,2011,882
1245,6/8/2011,mid,closed,2,,,159,2011,889
1246,6/29/2011,mid,closed,2,2690,,180,2011,910
1247,7/13/2011,mid,closed,2,,,194,2011,924
1248,7/17/2011,mid,closed,2,2370,,198,2011,928
1249,7/24/2011,mid,closed,2,4620,710,205,2011,935
1250,7/31/2011,mid,closed,2,,,212,2011,942
1251,8/7/2011,mid,closed,2,,,219,2011,949
1252,8/16/2011,mid,closed,2,3930,,228,2011,958
1253,8/21/2011,mid,closed,2,,,233,2011,963
1254,8/28/2011,mid,closed,2,4200,,240,2011,970
1255,9/4/2011,mid,closed,2,2480,2460,247,2011,977
1256,9/11/2011,mid,closed,2,5510,,254,2011,984
1257,9/18/2011,mid,closed,2,4210,,261,2011,991
1258,9/25/2011,mid,closed,2,,,268,2011,998
1259,10/22/2011,mid,closed,2,,,295,2011,1025
1260,10/23/2011,mid,closed,2,,,296,2011,1026
1261,11/19/2011,mid,closed,2,,,323,2011,1053
1262,11/20/2011,mid,closed,2,,,324,2011,1054
1263,6/21/2011,mid,closed,2,,,172,2011,902
1264,3/19/2011,mid,closed,3,,,78,2011,808
1265,4/11/2011,mid,closed,3,,,101,2011,831
1266,5/11/2011,mid,closed,3,,,131,2011,861
1267,6/1/2011,mid,closed,3,,,152,2011,882
1268,6/8/2011,mid,closed,3,1510,3020,159,2011,889
1269,6/29/2011,mid,closed,3,2210,,180,2011,910
1270,7/13/2011,mid,closed,3,,,194,2011,924
1271,7/17/2011,mid,closed,3,1960,3300,198,2011,928
1272,7/24/2011,mid,closed,3,2380,2340,205,2011,935
1273,7/31/2011,mid,closed,3,,,212,2011,942
1274,8/7/2011,mid,closed,3,,,219,2011,949
1275,8/16/2011,mid,closed,3,,4230,228,2011,958
1276,8/21/2011,mid,closed,3,,,233,2011,963
1277,8/28/2011,mid,closed,3,,,240,2011,970
1278,9/4/2011,mid,closed,3,2160,,247,2011,977
1279,9/11/2011,mid,closed,3,1340,,254,2011,984
1280,9/18/2011,mid,closed,3,1780,2930,261,2011,991
1281,9/25/2011,mid,closed,3,,,268,2011,998
1282,10/22/2011,mid,closed,3,,,295,2011,1025
1283,10/23/2011,mid,closed,3,,,296,2011,1026
1284,11/19/2011,mid,closed,3,1330,1970,323,2011,1053
1285,11/20/2011,mid,closed,3,,,324,2011,1054
1286,6/21/2011,mid,closed,3,,,172,2011,902
1287,3/19/2011,mid,open,1,,5760,78,2011,808
1288,4/11/2011,mid,open,1,,,101,2011,831
1289,5/11/2011,mid,open,1,,,131,2011,861
1290,6/1/2011,mid,open,1,,,152,2011,882
1291,6/8/2011,mid,open,1,,3250,159,2011,889
1292,6/29/2011,mid,open,1,1260,5180,180,2011,910
1293,7/13/2011,mid,open,1,,,194,2011,924
1294,7/17/2011,mid,open,1,,3820,198,2011,928
1295,7/24/2011,mid,open,1,1460,4490,205,2011,935
1296,7/31/2011,mid,open,1,,,212,2011,942
1297,8/7/2011,mid,open,1,,,219,2011,949
1298,8/16/2011,mid,open,1,,5340,228,2011,958
1299,8/21/2011,mid,open,1,,,233,2011,963
1300,8/28/2011,mid,open,1,3710,6160,240,2011,970
1301,9/4/2011,mid,open,1,1100,4980,247,2011,977
1302,9/11/2011,mid,open,1,1570,5740,254,2011,984
1303,9/18/2011,mid,open,1,1140,4990,261,2011,991
1304,9/25/2011,mid,open,1,,,268,2011,998
1305,10/22/2011,mid,open,1,1060,2900,295,2011,1025
1306,10/23/2011,mid,open,1,,,296,2011,1026
1307,11/19/2011,mid,open,1,,2350,323,2011,1053
1308,11/20/2011,mid,open,1,,,324,2011,1054
1309,6/21/2011,mid,open,1,,,172,2011,902
1310,3/19/2011,mid,open,2,1950,,78,2011,808
1311,4/11/2011,mid,open,2,,,101,2011,831
1312,5/11/2011,mid,open,2,,,131,2011,861
1313,6/1/2011,mid,open,2,,,152,2011,882
1314,6/8/2011,mid,open,2,1150,,159,2011,889
1315,6/29/2011,mid,open,2,,,180,2011,910
1316,7/13/2011,mid,open,2,,,194,2011,924
1317,7/17/2011,mid,open,2,,,198,2011,928
1318,7/24/2011,mid,open,2,,,205,2011,935
1319,7/31/2011,mid,open,2,,,212,2011,942
1320,8/7/2011,mid,open,2,,,219,2011,949
1321,8/16/2011,mid,open,2,,,228,2011,958
1322,8/21/2011,mid,open,2,,,233,2011,963
1323,8/28/2011,mid,open,2,1930,,240,2011,970
1324,9/4/2011,mid,open,2,1720,,247,2011,977
1325,9/11/2011,mid,open,2,1130,,254,2011,984
1326,9/18/2011,mid,open,2,1320,1390,261,2011,991
1327,9/25/2011,mid,open,2,,,268,2011,998
1328,10/22/2011,mid,open,2,,,295,2011,1025
1329,10/23/2011,mid,open,2,,,296,2011,1026
1330,11/19/2011,mid,open,2,1330,,323,2011,1053
1331,11/20/2011,mid,open,2,,,324,2011,1054
1332,6/21/2011,mid,open,2,,,172,2011,902
1333,3/19/2011,mid,open,3,,,78,2011,808
1334,4/11/2011,mid,open,3,,,101,2011,831
1335,5/11/2011,mid,open,3,,,131,2011,861
1336,6/1/2011,mid,open,3,,,152,2011,882
1337,6/8/2011,mid,open,3,1520,,159,2011,889
1338,6/29/2011,mid,open,3,2120,9750,180,2011,910
1339,7/13/2011,mid,open,3,,,194,2011,924
1340,7/17/2011,mid,open,3,,6810,198,2011,928
1341,7/24/2011,mid,open,3,,11610,205,2011,935
1342,7/31/2011,mid,open,3,,,212,2011,942
1343,8/7/2011,mid,open,3,,,219,2011,949
1344,8/16/2011,mid,open,3,2400,10580,228,2011,958
1345,8/21/2011,mid,open,3,,,233,2011,963
1346,8/28/2011,mid,open,3,,,240,2011,970
1347,9/4/2011,mid,open,3,1440,10760,247,2011,977
1348,9/11/2011,mid,open,3,,620,254,2011,984
1349,9/18/2011,mid,open,3,1940,7260,261,2011,991
1350,9/25/2011,mid,open,3,,,268,2011,998
1351,10/22/2011,mid,open,3,,,295,2011,1025
1352,10/23/2011,mid,open,3,,,296,2011,1026
1353,11/19/2011,mid,open,3,1920,4470,323,2011,1053
1354,11/20/2011,mid,open,3,,,324,2011,1054
1355,6/21/2011,mid,open,3,,,172,2011,902
1356,3/19/2011,mid,shrub,1,1700,2580,78,2011,808
1357,4/11/2011,mid,shrub,1,,,101,2011,831
1358,5/11/2011,mid,shrub,1,,,131,2011,861
1359,6/1/2011,mid,shrub,1,,,152,2011,882
1360,6/8/2011,mid,shrub,1,1150,1770,159,2011,889
1361,6/29/2011,mid,shrub,1,1700,1820,180,2011,910
1362,7/13/2011,mid,shrub,1,,,194,2011,924
1363,7/17/2011,mid,shrub,1,1370,,198,2011,928
1364,7/24/2011,mid,shrub,1,1770,2990,205,2011,935
1365,7/31/2011,mid,shrub,1,,,212,2011,942
1366,8/7/2011,mid,shrub,1,,2840,219,2011,949
1367,8/16/2011,mid,shrub,1,,,228,2011,958
1368,8/21/2011,mid,shrub,1,,,233,2011,963
1369,8/28/2011,mid,shrub,1,,,240,2011,970
1370,9/4/2011,mid,shrub,1,1820,2140,247,2011,977
1371,9/11/2011,mid,shrub,1,1400,1300,254,2011,984
1372,9/18/2011,mid,shrub,1,,1620,261,2011,991
1373,9/25/2011,mid,shrub,1,,,268,2011,998
1374,10/22/2011,mid,shrub,1,1270,1470,295,2011,1025
1375,10/23/2011,mid,shrub,1,,,296,2011,1026
1376,11/19/2011,mid,shrub,1,1180,1140,323,2011,1053
1377,11/20/2011,mid,shrub,1,,,324,2011,1054
1378,6/21/2011,mid,shrub,1,,,172,2011,902
1379,3/19/2011,mid,shrub,2,2080,2270,78,2011,808
1380,4/11/2011,mid,shrub,2,,,101,2011,831
1381,5/11/2011,mid,shrub,2,,,131,2011,861
1382,6/1/2011,mid,shrub,2,,,152,2011,882
1383,6/8/2011,mid,shrub,2,1310,3270,159,2011,889
1384,6/29/2011,mid,shrub,2,,3830,180,2011,910
1385,7/13/2011,mid,shrub,2,,,194,2011,924
1386,7/17/2011,mid,shrub,2,1790,,198,2011,928
1387,7/24/2011,mid,shrub,2,1770,3990,205,2011,935
1388,7/31/2011,mid,shrub,2,,,212,2011,942
1389,8/7/2011,mid,shrub,2,,,219,2011,949
1390,8/16/2011,mid,shrub,2,2210,6040,228,2011,958
1391,8/21/2011,mid,shrub,2,,,233,2011,963
1392,8/28/2011,mid,shrub,2,2120,,240,2011,970
1393,9/4/2011,mid,shrub,2,1990,2900,247,2011,977
1394,9/11/2011,mid,shrub,2,1490,,254,2011,984
1395,9/18/2011,mid,shrub,2,1530,3750,261,2011,991
1396,9/25/2011,mid,shrub,2,,,268,2011,998
1397,10/22/2011,mid,shrub,2,,,295,2011,1025
1398,10/23/2011,mid,shrub,2,,,296,2011,1026
1399,11/19/2011,mid,shrub,2,,,323,2011,1053
1400,11/20/2011,mid,shrub,2,,,324,2011,1054
1401,6/21/2011,mid,shrub,2,,,172,2011,902
1402,3/19/2011,mid,shrub,3,,,78,2011,808
1403,4/11/2011,mid,shrub,3,,,101,2011,831
1404,5/11/2011,mid,shrub,3,,,131,2011,861
1405,6/1/2011,mid,shrub,3,,,152,2011,882
1406,6/8/2011,mid,shrub,3,1160,,159,2011,889
1407,6/29/2011,mid,shrub,3,2830,,180,2011,910
1408,7/13/2011,mid,shrub,3,,,194,2011,924
1409,7/17/2011,mid,shrub,3,,,198,2011,928
1410,7/24/2011,mid,shrub,3,,,205,2011,935
1411,7/31/2011,mid,shrub,3,,,212,2011,942
1412,8/7/2011,mid,shrub,3,,,219,2011,949
1413,8/16/2011,mid,shrub,3,3580,,228,2011,958
1414,8/21/2011,mid,shrub,3,,,233,2011,963
1415,8/28/2011,mid,shrub,3,,,240,2011,970
1416,9/4/2011,mid,shrub,3,2300,,247,2011,977
1417,9/11/2011,mid,shrub,3,2010,2010,254,2011,984
1418,9/18/2011,mid,shrub,3,3040,,261,2011,991
1419,9/25/2011,mid,shrub,3,,,268,2011,998
1420,10/22/2011,mid,shrub,3,,,295,2011,1025
1421,10/23/2011,mid,shrub,3,,,296,2011,1026
1422,11/19/2011,mid,shrub,3,1740,,323,2011,1053
1423,11/20/2011,mid,shrub,3,,,324,2011,1054
1424,6/21/2011,mid,shrub,3,,,172,2011,902
